[
    {
      "name": "Andhra Pradesh",
      "code": "andhraPradesh",
      "coordinates": [15.9129, 79.7400]
    },
    {
      "name": "Arunachal Pradesh",
      "code": "arunachalPradesh",
      "coordinates": [27.0950, 93.5360]
    },
    {
      "name": "Assam",
      "code": "assam",
      "coordinates": [26.2006, 92.9376]
    },
    {
      "name": "Bihar",
      "code": "bihar",
      "coordinates": [25.0961, 85.3131]
    },
    {
      "name": "Chhattisgarh",
      "code": "chhattisgarh",
      "coordinates": [21.2787, 81.8661]
    },
    {
      "name": "Goa",
      "code": "goa",
      "coordinates": [15.2993, 74.124]
    },
    {
      "name": "Gujarat",
      "code": "gujarat",
      "coordinates": [22.2587, 71.1924]
    },
    {
      "name": "Haryana",
      "code": "haryana",
      "coordinates": [29.0588, 76.0856]
    },
    {
      "name": "Himachal Pradesh",
      "code": "himachalPradesh",
      "coordinates": [32.0668, 77.1349]
    },
    {
      "name": "Jharkhand",
      "code": "jharkhand",
      "coordinates": [23.6100, 85.2799]
    },
    {
      "name": "Karnataka",
      "code": "karnataka",
      "coordinates": [15.3173, 75.7138]
    },
    {
      "name": "Kerala",
      "code": "kerala",
      "coordinates": [10.8505, 76.2711]
    },
    {
      "name": "Madhya Pradesh",
      "code": "madhyaPradesh",
      "coordinates": [23.4734, 77.9479]
    },
    {
        "name": "Maharashtra",
        "code": "maharashtra",
        "coordinates": [19.7515, 75.7139],
        "districts": [
          { "name": "Ahmednagar", "coordinates": [19.081, 74.738] },
          { "name": "Akola", "coordinates": [20.704, 77.020] },
          { "name": "Amravati", "coordinates": [20.9333, 77.75] },
          { "name": "Aurangabad", "coordinates": [19.8762, 75.3433] },
          { "name": "Beed", "coordinates": [19.8778, 75.7466] },
          { "name": "Bhandara", "coordinates": [21.1705, 79.4031] },
          { "name": "Buldhana", "coordinates": [20.517, 76.161] },
          { "name": "Chandrapur", "coordinates": [19.9494, 79.2996] },
          { "name": "Dhule", "coordinates": [20.9011, 74.7741] },
          { "name": "Gadchiroli", "coordinates": [19.5805, 80.1018] },
          { "name": "Gondia", "coordinates": [21.4595, 80.1909] },
          { "name": "Hingoli", "coordinates": [19.725, 77.199] },
          { "name": "Jalna", "coordinates": [19.8402, 75.8836] },
          { "name": "Kolhapur", "coordinates": [16.7053, 74.2433] },
          { "name": "Latur", "coordinates": [18.404, 76.5864] },
          { "name": "Mumbai City", "coordinates": [18.975, 72.8258] },
          { "name": "Mumbai Suburban", "coordinates": [19.076, 72.8777] },
          { "name": "Nagpur", "coordinates": [21.1463, 79.0849] },
          { "name": "Nanded", "coordinates": [19.1501, 77.3015] },
          { "name": "Nandurbar", "coordinates": [21.0865, 74.2546] },
          { "name": "Nasik", "coordinates": [19.997, 73.7898] },
          { "name": "Osmanabad", "coordinates": [18.1899, 76.0721] },
          { "name": "Palghar", "coordinates": [19.924, 72.7591] },
          { "name": "Parbhani", "coordinates": [19.2663, 76.7743] },
          { "name": "Pune", "coordinates": [18.5204, 73.8567] },
          { "name": "Raigad", "coordinates": [18.9021, 73.1088] },
          { "name": "Ratnagiri", "coordinates": [16.9957, 73.2989] },
          { "name": "Sangli", "coordinates": [16.8605, 74.5619] },
          { "name": "Satara", "coordinates": [17.6804, 73.9369] },
          { "name": "Sindhudurg", "coordinates": [16.4135, 73.7238] },
          { "name": "Solapur", "coordinates": [17.6891, 75.9064] },
          { "name": "Thane", "coordinates": [19.2185, 72.9781] },
          { "name": "Wardha", "coordinates": [20.746, 78.593] },
          { "name": "Washim", "coordinates": [20.1185, 77.1697] },
          { "name": "Yavatmal", "coordinates": [20.3952, 78.1307] }
        ]
      },
    {
      "name": "Manipur",
      "code": "manipur",
      "coordinates": [24.7998, 93.9368]
    },
    {
      "name": "Meghalaya",
      "code": "meghalaya",
      "coordinates": [25.4670, 91.3662]
    },
    {
      "name": "Mizoram",
      "code": "mizoram",
      "coordinates": [23.1645, 92.9376]
    },
    {
      "name": "Nagaland",
      "code": "nagaland",
      "coordinates": [26.1584, 94.5624]
    },
    {
      "name": "Odisha",
      "code": "odisha",
      "coordinates": [20.9517, 85.0985]
    },
    {
      "name": "Punjab",
      "code": "punjab",
      "coordinates": [31.1471, 75.3412]
    },
    {
      "name": "Rajasthan",
      "code": "rajasthan",
      "coordinates": [27.0238, 74.2179]
    },
    {
      "name": "Sikkim",
      "code": "sikkim",
      "coordinates": [27.5330, 88.5122]
    },
    {
      "name": "Tamil Nadu",
      "code": "tamilNadu",
      "coordinates": [11.1271, 78.6569]
    },
    {
      "name": "Telangana",
      "code": "telangana",
      "coordinates": [17.1231, 79.2088]
    },
    {
      "name": "Tripura",
      "code": "tripura",
      "coordinates": [23.9408, 91.9882]
    },
    {
      "name": "Uttarakhand",
      "code": "uttarakhand",
      "coordinates": [30.0668, 79.0193]
    },
    {
      "name": "Uttar Pradesh",
      "code": "uttarPradesh",
      "coordinates": [27.2046, 79.0089]
    },
    {
      "name": "West Bengal",
      "code": "westBengal",
      "coordinates": [22.9868, 87.8550]
    },
    {
      "name": "Andaman and Nicobar",
      "code": "andamanAndNicobar",
      "coordinates": [11.7401, 92.6586]
    },
    {
      "name": "Chandigarh",
      "code": "chandigarh",
      "coordinates": [30.7333, 76.7794]
    },
    {
      "name": "Dadra and Nagar Haveli and Daman and Diu",
      "code": "dadraAndNagarHaveliAndDamanAndDiu",
      "coordinates": [20.1809, 73.0169]
    },
    {
      "name": "Lakshadweep",
      "code": "lakshadweep",
      "coordinates": [10.1575, 72.7115]
    },
    {
      "name": "Delhi",
      "code": "delhi",
      "coordinates": [28.6139, 77.2090]
    }
  ]
  